#SmProt_ID	RNASeq	ProteinSequence	ProteinLength	Chr	Start	Stop	Strand	Blocks	StartCodon	PhyloCSF_Mean	minRiboP	minTISP
SPROECO16226	NA	LANIKSAKKRAIQSEKARKHNASRRSMMRTFIKKVYAAIEAGDKAAAQKAFNEMQPIVDRQAAKGLIHKNKAARHKANLTAQINKLA	87	MG1655	20815	21078	-	NA	non-ATG	NA		
SPROECO16227	NA	LSRKMTGIVKTFDGKSGKGLITPSDGRIDVQLHVSALNLRDAEEITTGLRVEFCRINGLRGPSAANVYLS	70	MG1655	1641855	1642067	+	NA	non-ATG	NA		
SPROECO16235	NA	MAEAFYILIGFLIMAAIIVMAVLYLENHS	29	NC_000913.3	643330	643419	-	NA	ATG	NA		
SPROECO16238	NA	MAHIASSIT	9	NC_000913.3	NA	NA	NA	NA	ATG	NA		
SPROECO16240	NA	MAHKKAGGSTRNGRDSEAKRLGVKRFGGESVLAGSIIVRQRGTKFHAGANVGCGRDHTLFAKADGKVKFEVKGPKNRKFISIEAE	85	MG1655	3332862	3333119	-	NA	ATG	NA		
SPROECO16243	NA	MAIIIGLEFAQLPMSFGAKYE	21	NC_000913.3	176552	176617	+	NA	ATG	NA		
SPROECO16245	NA	MAKEDNIEMQGTVLETLPNTMFRVELENGHVVTAHISGKMRKNYIRILTGDKVTVELTPYDLSKGRIVFRSR	72	MG1655	926225	926443	-	NA	ATG	NA		
SPROECO16247	NA	MAKEQTDRTTLDLFAHERRPGRPKTNPLSRDEQLRINKRNQLKRDKVRGLKRVELKLNAEAVEALNELAESRNMSRSELIEEMLMQQLAALRSQGIV	97	MG1655	711605	711898	-	NA	ATG	NA		
SPROECO16250	NA	MAKGIREKIKLVSSAGTGHFYTTTKNKRTKPEKLELKKFDPVVRQHVIYKEAKIK	55	MG1655	3811250	3811417	-	NA	ATG	NA		
SPROECO16252	NA	MAKIKGQVKWFNESKGFGFITPADGSKDVFVHFSAIQGNGFKTLAEGQNVEFEIQDGQKGPAAVNVTAI	69	MG1655	1907226	1907435	-	NA	ATG	NA		
SPROECO16254	NA	MAKTAAALHILVKEEKLALDLLEQIKNGADFGKLAKKHSICPSGKRGGDLGEFRQGQMVPAFDKVVFSCPVLEPTGPLHTQFGYHIIKVLYRN	93	MG1655	3959532	3959813	-	NA	ATG	NA		
SPROECO16256	NA	MAKTIKITQTRSAIGRLPKHKATLLGLGLRRIGHTVEREDTPAIRGMINAVSFMVKVEE	59	MG1655	3444543	3444722	-	NA	ATG	NA		
SPROECO16260	NA	MALLDFFLSRKKNTANIAKERLQIIVAERRRSDAEPHYLPQLRKDILEVICKYVQIDPEMVTVQLEQKDGDISILELNVTLPEAEELK	88	MG1655	1224279	1224545	-	NA	ATG	NA		
SPROECO16265	NA	MALTKAEMSEYLFDKLGLSKRDAKELVELFFEEIRRALENGEQVKLSGFGNFDLRDKNQRPGRNPKTGEDIPITARRVVTFRPGQKLKSRVENASPKDE	99	MG1655	1795253	1795552	-	NA	ATG	NA		
SPROECO16273	NA	MANVEIYTKETCPYCHRAKALLSSKGVSFQELPIDGNAAKREEMIKRSGRTTVPQIFIDAQHIGGCDDLYALDARGGLDPLLK	83	MG1655	3784191	3784442	-	NA	ATG	NA		
SPROECO16281	NA	MARVTVQDAVEKIGNRFDLVLVAARRARQMQVGGKDPLVPEENDKTTVIALREIEEGLINNQILDVRERQEQQEQEAAELQAVTAIAEGRR	91	MG1655	3822106	3822381	+	NA	ATG	NA		
SPROECO16283	NA	MARYFRRRKFCRFTAEGVQEIDYKDIATLKNYITESGKIVPSRITGTRAKYQRQLARAIKRARYLSLLPYTDRHQ	75	MG1655	4425839	4426066	+	NA	ATG	NA		
SPROECO16298	NA	MAVEVKYVVIREGEEKMSFTSKKEADAYDKMLDTADLLDTWLTNSPVQMEDEQREALSLWLAEQKDVLSTILKTGKLPSPQVVGAESEEEDASHAA	96	MG1655	1930457	1930747	-	NA	ATG	NA		
SPROECO16301	NA	MAVQQNKPTRSKRGMRRSHDALTAVTSLSVDKTSGEKHLRHHITADGYYRGRKVIAK	57	MG1655	1147367	1147540	+	NA	ATG	NA		
SPROECO16304	NA	MAYFLDFDERALKEWRKLGSTVREQLKKKLVEVLESPRIEANKLRGMPDCYKIKLRSSGYRLVYQVIDEKVVVFVISVGKRERSEVYSEAVKRIL	95	MG1655	1645346	1645633	-	NA	ATG	NA		
SPROECO16306	NA	MCGIFSKEVLSKHVDVEYRFSAEPYIGASCSNVSVLSMLCLRAKKTI	47	MG1655	1905474	1905615	-	NA	ATG	NA		
SPROECO16309	NA	MCIGVPGQIRTIDGNQAKVDVCGIQRDVDLTLVGSCDENGQPRVGQWVLVHVGFAMSVINEAEARDTLDALQNMFDVEPDVGALLYGEEK	90	MG1655	2851864	2852136	+	NA	ATG	NA		
SPROECO16311	NA	MCIGVPGQVLAVGEDIHQLAQVEVCGIKRDVNIALICEGNPADLLGQWVLVHVGFAMSIIDEDEAKATLDALRQMDYDITSA	82	MG1655	3139716	3139964	-	NA	ATG	NA		
SPROECO16318	NA	MDDKQLQAQAAFSKASQPAIDASLNLRFSFLFSHPYANLQHFIIFFLGHRPDHPGKLYLVTDNRCRA	67	NC_000913.3	1240260	1240463	+	NA	ATG	NA		
SPROECO16322	NA	MDHSLNSLNNFDFLARSFARMHAEGRPVDILAVTGNMDEEHRTWFCARYAWYCQQMMQARELELEH	66	MG1655	3189763	3189961	-	NA	ATG	NA		
SPROECO16327	NA	MDNLFRTLFSTFTHLRTSSTILLVGEQHWRNAL	33	NC_000913.3	1673608	1673709	-	NA	ATG	NA		
SPROECO16334	NA	MDTPSRYWLTILSSRINS	18	NC_000913.3	4001218	4001274	+	NA	TTG	NA		
SPROECO16343	NA	MEIKVQRLSLWMINTVFLLSPINNHQTNTINLIFEM	36	NC_000913.3	1212540	1212650	-	NA	ATG	NA		
SPROECO16347	NA	MEKGTVKWFNNAKGFGFICPEGGGEDIFAHYSTIQMDGYRTLKAGQSVQFDVHQGPKGNHASVIVPVEVEAAVA	74	MG1655	922366	922590	-	NA	ATG	NA		
SPROECO16349	NA	MEKIPIRPFSDPASIISLCRCTLENSNAPLSLLCSATNKFILSARDSADLNEKGDFMNIFKPISYIASLAPREVTLLALV	80	NC_000913.3	3797772	3798014	-	NA	GTG	NA		
SPROECO16368	NA	MENLNMDLLYMAAAVMMGLAAIGAAIGIGILGGKFLEGAARQPDLIPLLRTQFFIVMGLVDAIPMIAVGLGLYVMFAVA	79	MG1655	3920950	3921189	-	NA	ATG	NA		
SPROECO16372	NA	MERASKMPSSYLYDQ	15	NC_000913.3	175048	175095	+	NA	ATG	NA		
SPROECO16374	NA	MESFLLSKVSFVIKKIRLEKGMTQEDLAYKSNLDRTYISGIERNSRNLTIKSLELIMKGLEVSDVVFFEMLIKEILKHD	79	MG1655	4026	4518	+	NA	ATG	NA		
SPROECO16375	NA	MESNFIDWHPADIIAGLRKKGTSMAAESRRNGLSSSTLANALSRPWPKGEMIIAKALGTDPWVIWPSRYHDPQTHEFIDRTQLMRSYTKPKK	92	MG1655	3334909	3335187	+	NA	ATG	NA		
SPROECO16378	NA	METFCYMKWPVRHHKSRRVSH	21	NC_000913.3	850332	850397	+	NA	ATG	NA		
SPROECO16379	NA	METLNDNLKVVEKADNAAQVKDALTKMRAAALDAQKATPPKLEDKSPDSPEMKDFRHGFDILVGQIDDALKLANEGKVKEAQAAAEQLKTTRNSYHKKYR	100	MG1655	4459553	4459855	+	NA	ATG	NA		
SPROECO16382	NA	MEVGKLGKPYPLLNLAYVGV	20	NC_000913.3	2725925	2725987	+	NA	ATG	NA		
SPROECO16384	NA	MEWLVKKSCCNKQDNRHVLMLCDAGGAIKMIAEVKSDFAVKVGDLLSPLQNALYCINREKLHTVKVLSASSYSPDEWERQCKVAGKTQ	88	MG1655	2373272	2373538	-	NA	ATG	NA		
SPROECO16390	NA	MFEQRVNSDVLTVSTVNSQDQVTQKPLRDSVKQALKNYFAQLNGQDVNDLYELVLAEVEQPLLDMVMQYTRGNQTRAALMMGINRGTLRKKLKKYGMN	98	MG1655	3411271	3411567	+	NA	ATG	NA		
SPROECO16391	NA	MFHCPLCQHAAHARTSRYITDTTKERYHQCQNVNCSATFITYESVQRYIVKPGEVHVVRPHPLPSGQQIMWM	72	MG1655	2167302	2167520	-	NA	ATG	NA		
SPROECO16393	NA	MFHDLPGVK	9	NC_000913.3	3573679	3573708	-	NA	ATG	NA		
SPROECO16394	NA	MFIAWYWIVLIALVVVGYFLHLKRYCRAFRQDRDALLEARNKYLNSTREETAEKVE	56	NC_000913.3	3183381	3183551	-	NA	ATG	NA		
SPROECO16396	NA	MFNSRLTTMEYRAVARSMDRHRRHFSIRPFNACLSGTLCRTFRLHFVVTPALFLASNSYSLSRSLSWNS	69	NC_000913.3	1901573	1901782	+	NA	ATG	NA		
SPROECO16398	NA	MFQQEVTITAPNGLHTRPAAQFVKEAKGFTSEITVTSNGKSASAKSLFKLQTLGLTQGTVVTISAEGEDEQKAVEHLVKLMAELE	85	MG1655	2533764	2534021	+	NA	ATG	NA		
SPROECO16400	NA	MFSKLAQSSIKAMF	14	NC_000913.3	1212260	1212304	-	NA	ATG	NA		
SPROECO16403	NA	MFTINAEVRKEQGKGASRRLRAANKFPAIIYGGKEAPLAIELDHDKVMNMQAKAEFYSEVLTIVVDGKEIKVKAQDVQRHPYKPKLQHIDFVRA	94	MG1655	2282517	2282801	+	NA	ATG	NA		
SPROECO16407	NA	MFTYYQAENSTAEPALVNAIEQGLRAQHGVVTEDDILMELTKWVEASDNDILSDIYQQTINYVVSGQHPTL	71	MG1655	1556065	1556280	-	NA	ATG	NA		
SPROECO16409	NA	MFVTSKKMTAAVLAITLAMSLSACSNWSKRDRNTAIGAGAGALGGAVLTDGSTLGTLGGAAVGGVIGHQVGK	72	MG1655	1343110	1343328	-	NA	ATG	NA		
SPROECO16412	NA	MGEISITKLLVVAALVVLLFGTKKLRTLGGDLGAAIKGFKKAMNDDDAAAKKGADVDLQAEKLSHKE	67	MG1655	658947	659150	+	NA	ATG	NA		
SPROECO16414	NA	MGGISIWQLLIIAVIVVLLFGTKKLGSIGSDLGASIKGFKKAMSDDEPKQDKTSQDADFTAKTIADKQADTNQEQAKTEDAKRHDKEQV	89	MG1655	4021945	4022214	+	NA	ATG	NA		
SPROECO16428	NA	MGNDAFKLSSADRGDITINNESGHLIVNTAILSGDIVTLRGGEIRLVL	48	NC_000913.3	2470497	2470643	-	NA	GTG	NA		
SPROECO16429	NA	MGNLPVGSRGLYKGKKRSAGMNELRHPGSTQMTRTGQAHRGGEHRLNTGPPDWQTVE	57	MG1655	36336	36506	+	NA	ATG	NA		
SPROECO16430	NA	MGQFFAYATVITVKENDHVA	20	MG1655	2085076	2085138	<<<	NA	ATG	NA		
SPROECO16431	NA	MGQFFAYATVITVKENDHVA	20	MG1655	2085078	2085138	-	NA	ATG	NA		
SPROECO16435	NA	MGSINLRIDDELKARSYAALEKMGVTPSEALRLMLEYIADNERLPFKQTLLSDEDAELVEIVKERLRNPKPVRVTLDEL	79	MG1655	1645633	1645872	-	NA	ATG	NA		
SPROECO16438	NA	MGWSLCFWHVSVRMTHDVVCYY	22	NC_000913.3	4518372	4518440	+	NA	ATG	NA		
SPROECO16441	NA	MHAISLHSLAYRRFARNVSLSMLLLMR	27	NC_000913.3	3109317	3109400	-	NA	ATG	NA		
SPROECO16455	NA	MHTNWQVCSLVVQAKSERISDISTQLNAFPGCEVAVSDAPSGQLIVVVEAEDSETLIQTIESVRNVEGVLAVSLVYHQQEEQGEETP	87	MG1655	2302750	2303013	-	NA	ATG	NA		
SPROECO16462	NA	MIAHHFGTDEIPRQCVTPGDYVLHEGRTYIASANNIKKRKLYIRNLTTKTFITDRMIKVFLGRDGLPVKAESW	73	MG1655	1418008	1418229	-	NA	ATG	NA		
SPROECO16467	NA	MIERELGNWKDFIEVMLRK	19	MG1655	2588831	2588888	-	NA	ATG	NA		
SPROECO16469	NA	MIGINVAIFTNVQRRTVS	18	NC_000913.3	391592	391648	-	NA	ATG	NA		
SPROECO16471	NA	MIHSSVKRWGNSPAVRIPATLMQALNLNIDDEVKIDLVDGKLIIEPVRKEPVFTLAELVNDITPENLHENIDWGEPKDKEVW	82	MG1655	2911091	2911339	-	NA	ATG	NA		
SPROECO16473	NA	MIIGMLRAHMITSLSPIPTMPSVNINKPKARFLYAI	36	NC_000913.3	3798039	3798149	-	NA	ATG	NA		
SPROECO16475	NA	MIIKTLKMSARKRN	14	NC_000913.3	113244	113288	+	NA	ATG	NA		
SPROECO16478	NA	MIKIFIGHYINVFYSTADITLKKQPLLFLAKLMVYSAALTFFTANFHCNMTRKINEYA	58	NC_000913.3	1995655	1995831	+	NA	ATG	NA		
SPROECO16479	NA	MIKNFIFDNLIILAVPFMIKTSLKTNLIFFFLCVFVPHMAS	41	MG1655	4504470	4504593	+	NA	ATG	NA		
SPROECO16480	NA	MIKNFIFDNLIILAVPFMIKTSLKTNLIFFFLCVFVPHMAS	41	MG1655	4504471	4504596	>><	NA	ATG	NA		
SPROECO16482	NA	MIKSDQET	8	NC_000913.3	3737177	3737203	-	NA	ATG	NA		
SPROECO16484	NA	MIKVLFFAQVRELVGTDATEVAADFPTVEALRQHMAAQSDRWALALEDGKLLAAVNQTLVSFDHPLTDGDEVAFFPPVTGG	81	MG1655	819048	819293	+	NA	ATG	NA		
SPROECO16488	NA	MINQVSVYRQPPVLSGCRQVKTI	23	NC_000913.3	3032939	3033010	-	NA	ATG	NA		
SPROECO16491	NA	MIPLQHGLILAAILFVLGLTGLVIRRNLLFMLIGLEIMINASALAFVVAGSYWGQTDGQVMYILAISLAAAEASIGLALLLQLHRRRQNLNIDSVSEMRG	100	MG1655	2395043	2395345	-	NA	ATG	NA		
SPROECO16496	NA	MIREERLLKVLRAPHVSEKASTAMEKSNTIVLKVAKDATKAEIKAAVQKLFEVEVEVVNTLVVKGKVKRHGQRIGRRSDWKKAYVTLKEGQNLDFVGGAE	100	MG1655	3451382	3451684	-	NA	ATG	NA		
SPROECO16497	NA	MIRIEILFDRQSTKNLKSGTLQALQNEIEQRLKPHYPEIWLRIDQGSAPSVSVTGARNDKDKERILSLLEEIWQDDSWLPAA	82	MG1655	876866	876883	+	NA	ATG	NA		
SPROECO16501	NA	MIRLQHDKQKQMRYGTLQKRDTLTLCLLKLQLMEWRFDSAWKFGLGRLYLG	51	NC_000913.3	NA	NA	NA	NA	ATG	NA		
SPROECO16503	NA	MITKQQKMTLNMAKFIQAQSLLLLEKLNELDLDTEANMCEKLHEDAEQLFRTLALRLDDLQGDL	64	MG1655	4551	4745	+	NA	ATG	NA		
SPROECO16504	NA	MITYHDAFAKANHYLDDADLPVVITLHGRFSQGWYFCFEAREFLETGDEAARLAGNAPFIIDKDSGEIHSLGTAKPLEEYLQDYEIKKATFGLP	94	MG1655	3582781	3583063	+	NA	ATG	NA		
SPROECO16507	NA	MIYRELNRALAIL	13	NC_000913.3	3573660	3573701	-	NA	ATG	NA		
SPROECO16509	NA	MKAIFVLKGWWRTS	14	MG1655	1323038	1323082	-	NA	ATG	NA		
SPROECO16512	NA	MKAKELREKSVEELNTELLNLLREQFNLRMQAASGQLQQSHLLKQVRRDVARVKTLLNEKAGA	63	MG1655	3448568	3448759	-	NA	ATG	NA		
SPROECO16514	NA	MKAPSGAFLLGVYSMDTHILR	21	NC_000913.3	1638188	1638253	+	NA	ATG	NA		
SPROECO16516	NA	MKATKLVLGAVILGSTLLAGCSSNAKIDQLSSDVQTLNAKVDQLSNDVNAMRSDVQAAKDDAARANQRLDNMATKYRK	78	MG1655	1757421	1757657	+	NA	ATG	NA		
SPROECO16519	NA	MKDVDQIFDALDCHILREYLILLFYD	26	MG1655	2987841	2987921	><<	NA	ATG	NA		
SPROECO16520	NA	MKDVDQIFDALDCHILREYLILLFYD	26	MG1655	2987843	2987921	-	NA	ATG	NA		
SPROECO16523	NA	MKENKVQQISHKLINIVVFVAIVEYAYLFLHFY	33	MG1655	312365	312466	<<<	NA	ATG	NA		
SPROECO16524	NA	MKENKVQQISHKLINIVVFVAIVEYAYLFLHFY	33	MG1655	312367	312466	-	NA	ATG	NA		
SPROECO16528	NA	MKHIPFFFAFFFTFP	15	MG1655	2737599	2737646	+	NA	ATG	NA		
SPROECO16530	NA	MKHIQIRNSDMDWHIAANNLG	21	MG1655	1388892	1388957	<<<	NA	ATG	NA		
SPROECO16532	NA	MKHNPLVVCLLIICITILTFTLLTRQTLYELRFRDGDKEVAALMACTSR	49	MG1655	1491922	1492071	-	NA	ATG	NA		
SPROECO16533	NA	MKIADQFHDELCRLAAINFEAHVLHG	26	MG1655	3305873	3305955	<<<	NA	ATG	NA		
SPROECO16535	NA	MKIILWAVLIIFLIGLLVVTGVFKMIF	27	MG1655	2227003	2227084	+	NA	ATG	NA		
SPROECO16536	NA	MKIILWAVLIIFLIGLLVVTGVFKMIF	27	MG1655	2227004	2227084	<><	NA	ATG	NA		
SPROECO16542	NA	MKINQPAVAGTLESGDVMIRIAPLDTQDIDLQINSSVEKQFGDAIRTTILDVLARYNVRGVQLNVDDKGALDCILRARLEALLARASGIPALPWEDCQ	98	MG1655	650487	650783	-	NA	ATG	NA		
SPROECO16549	NA	MKKDIHPKYEEITASCSCGNVMKIRSTVGHDLNLDVCSKCHPFFTGKQRDVATGGRVDRFNKRFNIPGSK	70	MG1655	4127013	4127225	+	NA	ATG	NA		
SPROECO16554	NA	MKKFRWVVLVVVVLACLLLWAQVFNMMCDQDVQFFSGICAINQFIPW	47	MG1655	1906649	1908135	-	NA	ATG	NA		
SPROECO16563	NA	MKKKLFALLKYIIFFPMLCTVLGLLGIPIGLIVNFLRTGSFDFNLKDEIDVVLFTLKIGIPIGFILGLGLWGLSILDRK	79	MG1655	13671	13910	+	NA	ATG	NA		
SPROECO16565	NA	MKKKPVAQLERQHSLLENPCAYGLLSQFQAAIVVNCFTLNKII	43	MG1655	3083944	3084073	-	NA	ATG	NA		
SPROECO16573	NA	MKKPLRQQNRQIISYVPRTEPAPPEHAIKMDSFRDVWMLRGKYVAFVLMGESFLRSPAFTVPESAQRWANQIRQEGEVTE	80	MG1655	1813421	1813663	-	NA	ATG	NA		
SPROECO16581	NA	MKKTTIIMMGVAIIVVLGTELGWW	24	MG1655	1876898	1876972	>><d	NA	ATG	NA		
SPROECO16582	NA	MKKTTIIMMGVAIIVVLGTELGWW	24	MG1655	1878874	1878948	+	NA	ATG	NA		
SPROECO16592	NA	MKLRKILKSMFNNYCKTFKDVPPGNMFR	28	MG1655	1985899	1985983	-	NA	ATG	NA		
SPROECO16605	NA	MKPLSSAIAAALILFSAQGVAEQTTQPVVTSCANVVVVPPSQEHPPFDLNHMGTGSDKSDALGVPYYNQHAM	72	MG1655	1618012	1618228	+	NA	ATG	NA		
SPROECO16608	NA	MKPNIHPEYRTVVFHDTSVDEYFKIGSTIKTDREIELDGVTYPYVTIDVSSKSHPFYTGKLRTVASEGNVARFTQRFGRFVSTKKGA	87	MG1655	311740	312001	-	NA	ATG	NA		
SPROECO16612	NA	MKQHKAMIVALIVICITAVVAALVTRKDLCEVHIRTGQTEVAVFTAYESE	50	MG1655	16751	16903	-	NA	ATG	NA		
SPROECO16614	NA	MKQQKAMLIALIVICLTVIVTALVTRKDLCEVRIRTGQTEVAVFTAYEPEE	51	MG1655	1645119	1645274	-	NA	ATG	NA		
SPROECO16621	NA	MKRISTTITTTITITTGNGAG	21	MG1655	190	225	+	NA	ATG	NA		
SPROECO16622	NA	MKRISTTITTTITITTGNGAG	21	MG1655	190	255	+	NA	ATG	NA		
SPROECO16626	NA	MKRKIIVACGGAVATSTMAAEEIKELCQNHNIPVELIQCRVNEIETYMDGVHLICTTAKVDRSFGDIPLVHGMPFISGIGIEALQNKILTILQG	94	MG1655	2174282	2174566	-	NA	ATG	NA		
SPROECO16634	NA	MKRQKRDRLERAHQRGYQAGIAGRSKEMCPYQTLNQRSQWLGGWREAMADRVVMA	55	MG1655	1015715	1015882	+	NA	ATG	NA		
SPROECO16637	NA	MKRTFQPSVLKRNRSHGFRARMATKNGRQVLARRRAKGRARLTVSK	46	MG1655	3884336	3884476	+	NA	ATG	NA		
SPROECO16644	NA	MKSNRQARHILGLDHKISNQRKIVTEGDKSSVVNNPTGRKRPAEK	45	MG1655	1555826	1555963	-	NA	ATG	NA		
SPROECO16647	NA	MKTLLPNVNTSEGCFEIGVTISNPVFTEDAINKRKQERELLNKICIVSMLARLRLMPKGCAQ	62	MG1655	1649609	1649797	+	NA	ATG	NA		
SPROECO16651	NA	MKVLNSLRTAKERHPDCQIVKRKGRLYVICKSNPRFKAVQGRKKKR	46	MG1655	311600	311738	-	NA	ATG	NA		
SPROECO16655	NA	MKVRASVKKLCRNCKIVKRDGVIRVICSAEPKHKQRQG	38	MG1655	3442618	3442734	-	NA	ATG	NA		
SPROECO16656	NA	MKYFFMGISFMVIVWAGTFALMI	23	MG1655	2494829	2495011	+	NA	ATG	NA		
SPROECO16657	NA	MKYINCVYNINYKLKPHSHYK	21	MG1655	1463189	1463254	><>	NA	ATG	NA		
SPROECO16660	NA	MKYLAFLIKGKTTHFDVGK	19	NC_000913.3	3111266	3111325	+	NA	GTG	NA		
SPROECO16668	NA	MLELLFVIGFFVMLMVTGVSLLGIIAALVVATAIMFLGGMLALMIKLLPWLLLAIAVVWVIKAIKAPKVPKYQRYDRWRY	80	MG1655	4262840	4263082	+	NA	ATG	NA		
SPROECO16669	NA	MLELLKSLVFAVIMVPVVMAIILGLIYGLGEVFNIFSGVGKKDQPGQNH	49	MG1655	793995	794142	+	NA	ATG	NA		
SPROECO16671	NA	MLESIINLVSSGAVDSHTPQTAVAAVLCAAMIGLFS	36	MG1655	4051670	4051780	><<	NA	ATG	NA		
SPROECO16673	NA	MLGNMNVFMAVLGIILFSGFLAAYFSHKWDD	31	MG1655	1620669	1620762	+	NA	ATG	NA		
SPROECO16675	NA	MLHCKGNNL	9	NC_000913.3	2483729	2483758	+	NA	ATG	NA		
SPROECO16685	NA	MLILTRRVGETLMIGDEVTVTVLGVKGNQVRIGVNAPKEVSVHREEIYQRIQAEKSQQSSY	61	MG1655	2818961	2819146	-	NA	ATG	NA		
SPROECO16690	NA	MLKNLAKLDQTEMDKVNVDLAAAGVAFKERYNMPVIAEAVEREQPEHLRSWFRERLIAHRLASVNLSRLPYEPKLK	76	MG1655	1925108	1925338	+	NA	ATG	NA		
SPROECO16691	NA	MLKTDALLYFGSKTKLAQAAGIRLASLYSWKGDLVPEGRAMRLQEASGGELQYDPKVYDEYRKTKRAGRLNNENHS	76	MG1655	1647620	1647850	-	NA	ATG	NA		
SPROECO16694	NA	MLMYQTRRTYQNSNNIAVVHLLKPAWR	27	NC_000913.3	3247668	3247751	+	NA	GTG	NA		
SPROECO16695	NA	MLNTCRVPLTDRKVKEKRAMKQHKAMIVALIVICITAVVAALVTRKDLCEVHIRTGQTEVAVFTAYESE	69	MG1655	16751	16960	-	NA	ATG	NA		
SPROECO16696	NA	MLNTCRVPLTDRKVKEKRAMKQHKAMIVALIVICITAVVAALVTRKDLCEVHIRTGQTEVAVFTAYESE	69	MG1655	16753	16960	-	NA	ATG	NA		
SPROECO16704	NA	MLRNRARRLDYKIMR	15	NC_000913.3	1407989	1408036	+	NA	ATG	NA		
SPROECO16707	NA	MLSKGVLSARLFNLIYG	17	NC_000913.3	1298514	1298567	+	NA	ATG	NA		
SPROECO16709	NA	MLTKYALAAVIVLCLTVLGFTLLVGDSLCEFTVKERNIEFKAVLAYEPKK	50	MG1655	607836	607988	+	NA	ATG	NA		
SPROECO16719	NA	MLYWLGILIAYADRRPDKVFTLIR	24	NC_000913.3	3640612	3640686	-	NA	ATG	NA		
SPROECO16725	NA	MMKRLIVLVLLASTLLTGCNTARGFGEDIKHLGNSISRAAS	41	MG1655	4376317	4376442	+	NA	ATG	NA		
SPROECO16734	NA	MMQHQVNVSARFNPETLERVLRVVRHRGFHVCSMNMAAASDAQNINIELTVASPRSVDLLFSQLNKLVDVAHVAICQSTTTSQQIRA	87	MG1655	3952201	3952464	+	NA	ATG	NA		
SPROECO16737	NA	MMSFQKIYSPTQLANAMKLVRQQNGWTQSELAKKIGIKQATISNFENNPDNTTLTTFFKILQSLELSMTLCDAKNASPESTEQQNLEW	88	MG1655	1592176	1592442	-	NA	ATG	NA		
SPROECO16740	NA	MMTTLLPVFTKPSPLALNALRAGRICRFLLIPDGRIR	37	NC_000913.3	3630665	3630778	-	NA	ATG	NA		
SPROECO16742	NA	MNAAIFRFFFYFST	14	MG1655	1799226	1799270	-	NA	ATG	NA		
SPROECO16748	NA	MNDTYQPINCDDYDNLELACQHHLMLTLELKDGEKLQAKASDLVSRKNVEYLVVEAAGETRELRLDKITSFSHPEIGTVVVSES	84	MG1655	213678	213932	-	NA	ATG	NA		
SPROECO16752	NA	MNEFKRCMRVFSHSPFKVRLMLLSMLCDMVNNKPQQDKPSDK	42	MG1655	852094	852220	-	NA	ATG	NA		
SPROECO16756	NA	MNFLMRAIFSLLLLFTLSIPVISDCVAMAIESRFKYMMLLF	41	MG1655	3030839	3030964	>>>	NA	ATG	NA		
SPROECO16759	NA	MNGDNPSPNRPLVTVVYKGPDFYDGEKKPPVNRR	34	NC_000913.3	1622741	1622845	+	NA	ATG	NA		
SPROECO16763	NA	MNIFKPISYIASLAPREVTLLALV	24	NC_000913.3	3797772	3797846	-	NA	ATG	NA		
SPROECO16765	NA	MNILHICVTSKWFNIDNKIVDHRP	24	MG1655	3888435	3888509	+	NA	ATG	NA		
SPROECO16767	NA	MNIRPLHDRVIVKRKEVETKSAGGIVLTGSAAAKSTRGEVLAVGNGRILENGEVKPLDVKVGDIVIFNDGYGVKSEKIDNEEVLIMSESDILAIVEA	97	MG1655	4370688	4370981	+	NA	ATG	NA		
SPROECO16773	NA	MNKLPAHLSRQNCKIASTNLSEIIPRRAAVLK	32	NC_000913.3	4536597	4536695	+	NA	ATG	NA		
SPROECO16779	NA	MNKTQLIDVIAEKAELSKTQAKAALESTLAAITESLKEGDAVQLVGFGTFKVNHRAERTGRNPQTGKEIKIAAANVPAFVSGKALKDAVK	90	MG1655	4200281	4200553	+	NA	ATG	NA		
SPROECO16781	NA	MNLAIQILASYPPSGKEKGYEAQPSGGVSAHYLHYDSDIHTPDPTNALRTAVPGR	55	MG1655	1491962	1492129	-	NA	ATG	NA		
SPROECO16783	NA	MNLLVKCAGKIPALALTWTCRP	22	NC_000913.3	1491876	1491944	+	NA	ATG	NA		
SPROECO16788	NA	MNNPVCLDDWLIGFKSLCCTLAVIALLII	29	NC_000913.3	1642122	1642211	-	NA	ATG	NA		
SPROECO16789	NA	MNNRSAVRILRLPAVIQKTGMARATIYDWLNPKSPRYDATFPKKRMLGVKSVGWIEAEIDEWLSQRCKLI	70	MG1655	2758644	2758856	+	NA	ATG	NA		
SPROECO16793	NA	MNNSTKFCFSRFRTGN	16	MG1655	3948529	3948577	+	NA	ATG	NA		
SPROECO16794	NA	MNNSTKFCFSRFRTGN	16	MG1655	3948530	3948580	>>>	NA	ATG	NA		
SPROECO16796	NA	MNNYTYKVNFNSISGVRHARIKCPIYTKNTF	31	NC_000913.3	290275	290370	+	NA	ATG	NA		
SPROECO16799	NA	MNQKFEAVNAIDRNVTDVADANDR	24	NC_000913.3	922740	922814	+	NA	ATG	NA		
SPROECO16801	NA	MNRCLLLNLSHRSGEDSFPALCISALHTCRCYTHLGASQDSRAGYSY	47	NC_000913.3	3086145	3086288	-	NA	ATG	NA		
SPROECO16803	NA	MNREEMHCDVVKI	13	NC_000913.3	2722702	2722743	+	NA	ATG	NA		
SPROECO16805	NA	MNRLIELTGWIVLVVSVILLGVASHIDNYQPPEQSASVQHK	41	MG1655	1704551	1704676	+	NA	ATG	NA		
SPROECO16808	NA	MNSILIITSLLIIFSIFSHALIKLGIGISNNPDKTDV	37	NC_000913.3	1434406	1434293	+	NA	ATG	NA		
SPROECO16809	NA	MNSILIITSLLIIFSIFSHALIKLGIGISNNPDKTDV	37	NC_000913.3	1632890	1633003	-	NA	ATG	NA		
SPROECO16812	NA	MNTRWQQAGQKVKPGFKLAGKLVLLTALRYGPAGVAGWAIKSVARRPLKMLLAVALEPLLSRAANKLAQRYKR	73	MG1655	1369393	1369614	+	NA	ATG	NA		
SPROECO16814	NA	MNVSQIYARNGELFSGRICKQKRQ	24	NC_000913.3	3853766	3853840	-	NA	ATG	NA		
SPROECO16815	NA	MNVSSRTVVLINFFAAVGLFTLISMRFGWFI	31	MG1655	1515125	1515218	-	NA	ATG	NA		
SPROECO16820	NA	MNYKAFTQIAIDLLSAKLCNCTQAIMTHIIASFLAFMFF	39	NC_000913.3	383960	384079	+	NA	ATG	NA		
SPROECO16833	NA	MPHIDIKCFPRELDEQQKAALAADITDVIIRHLNSKDSSISIALQQIQPESWQAIWDAEIAPQMEALIKKPGYSMNA	77	MG1655	1533052	1533285	+	NA	ATG	NA		
SPROECO16839	NA	MPKIKTVRGAAKRFKKTGKGGFKHKHANLRHILTKKATKRKRHLRPKAMVSKGDLGLVIACLPYA	65	MG1655	1799802	1799999	-	NA	ATG	NA		
SPROECO16842	NA	MPKKNEAPASFEKALSELEQIVTRLESGDLPLEEALNEFERGVQLARQGQAKLQQAEQRVQILLSDNEDASLTPFTPDNE	80	MG1655	441101	441343	-	NA	ATG	NA		
SPROECO16845	NA	MPMIKSPHGEGGCVCAPPATDWTPPPLLPLLNRFDFRSTRPQTLLRRGGSNYGY	54	NC_000913.3	1359177	1359341	+	NA	ATG	NA		
SPROECO16851	NA	MPQKYRLLSLIVICFTLLFFTWMIRDSLCELHIKQESYELAAFLACKLKE	50	MG1655	3720448	3720600	-	NA	ATG	NA		
SPROECO16854	NA	MPRGGWPRKKPQKIVANDENYALAA	25	MG1655	2753658	2753733	+	NA	ATG	NA		
SPROECO16855	NA	MPRLTAKDFPQELLDYYDYYAHGKISKREFLNLAAKCGRRDDGISVV	47	NC_000913.3	3147597	3147740	+	NA	ATG	NA		
SPROECO16857	NA	MPRSLKKGPFIDLHLLKKVEKAVESGDKKPLRTWSRRSTIFPNMIGLTIAVHNGRQHVPVFVTDEMVGHKLGEFAPTRTYRGHAADKKAKKK	92	MG1655	3450248	3450526	-	NA	ATG	NA		
SPROECO16859	NA	MPSTPEEKKKVLTRVRRIRGQIDALERSLEGDAECRAILQQIAAVRGAANGLMAEVLESHIRETFDRNDCYSREVSQSVDDTIELVRAYLK	91	MG1655	379606	379881	-	NA	ATG	NA		
SPROECO16860	NA	MPSTQYIRRPASSYASCIWCTTACASCHGRTTKPSLAT	38	MG1655	1806659	1806755	-	NA	ATG	NA		
SPROECO16862	NA	MPTKRFDKKHWKMVVVLLAICGAMLLLRWAAMIWG	35	MG1655	1803188	1803293	+	NA	ATG	NA		
SPROECO16869	NA	MPVIKVRENEPFDVALRRFKRSCEKAGVLAEVRRREFYEKPTTERKRAKASAVKRHAKKLARENARRTRLY	71	MG1655	3210781	3210996	+	NA	ATG	NA		
SPROECO16871	NA	MPVNGIFDVFDMLSIYIIYKLIVSNNTWLIMRK	33	NC_000913.3	4556574	4556675	+	NA	ATG	NA		
SPROECO16876	NA	MQHELQPDSLVDLKFIMADTGFGKTFIYDRIKSGDLPKAKVIHGRARWLYRDHCEFKNKLLSRANG	66	MG1655	2476310	2476510	+	NA	ATG	NA		
SPROECO16879	NA	MQILFNDQAMQCAAGQTVHELLEQLDQRQAGAALAINQQIVPREQWAQHIVQDGDQILLFQVIAGG	66	MG1655	4190662	4190860	-	NA	ATG	NA		
SPROECO16880	NA	MQILFNDQAMQCAAGQTVHELLEQLDQRQAGAALAINQQIVPREQWAQHIVQDGDQILLFQVIAGG	66	MG1655	4192637	4192837	-	NA	ATG	NA		
SPROECO16883	NA	MQKLPLKEKCLTATANYHPGIRYIMTGYSAKYIYSSTYARFR	42	NC_000913.3	1344647	1344775	+	NA	ATG	NA		
SPROECO16888	NA	MQNTTHDNVILELTVRNHPGVMTHVCGLFARRAFNVEGILCLPIQDSDKSHIWLLVNDDQRLEQMISQIDKLEDVVKVQRNQSDPTMFNKIAVFFQ	96	MG1655	3850802	3851092	-	NA	ATG	NA		
SPROECO16890	NA	MQTVIFGRSGCPYCVRAKDLAEKLSNERDDFQYQYVDIRAEGITKEDLQQKAGKPVETVPQIFVDQQHIGGYTDFAAWVKENLDA	85	MG1655	889721	889976	-	NA	ATG	NA		
SPROECO16891	NA	MQTVIFGRSGCPYCVRAKDLAEKLSNERDDFQYQYVDIRAEGITKEDLQQKAGKPVETVPQIFVDQQHIGGYTDFAAWVKENLDA	85	MG1655	890496	890753	-	NA	ATG	NA		
SPROECO16892	NA	MQYTPDTAWKITGFSREISPAYRQKLLSLGMLPGSSFMVVRVAPLGDPIHIETRRVSLVLRKKDLALLEVEAVSC	75	MG1655	3538184	3538409	+	NA	ATG	NA		
SPROECO16894	NA	MQYTPDTAWKITGFSREISPAYRQKLLSLGMLPGSSFNVVRVAPLGDPIHIETRRVSLVLRKKDLALLEVEAVSC	75	MG1655	3540163	3540390	+	NA	ATG	NA		
SPROECO16904	NA	MRIAKIGVIALFLFMALGGIGGVMLAGYTFILRAG	35	MG1655	2213678	2213783	+	NA	ATG	NA		
SPROECO16907	NA	MRIEVTIAKTSPLPAGAIDALAGELSRRIQYAFPDNEGHVSVRYAAANNLSVIGATKEDKQRISEILQETWESADDWFVSE	81	MG1655	1120467	1120710	-	NA	ATG	NA		
SPROECO16908	NA	MRIEVTIAKTSPLPAGAIDALAGELSRRIQYAFPDNEGHVSVRYAAANNLSVIGATKEDKQRISEILQETWESADDWFVSE	81	MG1655	1121242	1121487	-	NA	ATG	NA		
SPROECO16909	NA	MRIGIIFPVVIFITAVVFLAWFFIGGYAAPGA	32	MG1655	1876796	1876892	+	NA	ATG	NA		
SPROECO16910	NA	MRIGIIFPVVIFITAVVFLAWFFIGGYAAPGA	32	MG1655	1876797	1876895	>>>d	NA	ATG	NA		
SPROECO16913	NA	MRITIKRWGNSAGMVIPNIVMKELNLQPGQSVEAQVSNNQLILTPISRRYSLDELLAQCDMNAAELSEQDVWGKSTPAGDEIW	83	MG1655	4448447	4448698	+	NA	ATG	NA		
SPROECO16915	NA	MRITIYTRNDCVQCHATKRAMENRGFDFEMINVDRVPEAAEALRAQGFRQLPVVIAGDLSWSGFRPDMINRLHPAPHAASA	81	MG1655	2800723	2800968	+	NA	ATG	NA		
SPROECO16921	NA	MRKSYEVGISPKINLCNSVEVLTNSFGTVISGRQV	35	NC_000913.3	754674	754781	-	NA	ATG	NA		
SPROECO16923	NA	MRLSANRQGNTCAGRSVNA	19	NC_000913.3	837503	837562	+	NA	ATG	NA		
SPROECO16927	NA	MRMIGLLYDFKDYASKMAENMARLAALLHYFSGDGGDISVTG	42	NC_000913.3	290510	290638	+	NA	ATG	NA		
SPROECO16928	NA	MRMLT	5	MG1655	2725939	2725956	-	NA	ATG	NA		
SPROECO16934	NA	MRNAVSKAGIISRRRLLLFQFAG	23	NC_000913.3	3720400	3720471	+	NA	ATG	NA		
SPROECO16944	NA	MRRWISQNNIRLPRGAFFISALFFFNAVCIVSDNLLIIESFGEMAYNISYLTRVPGTNTLLACCCLLRPEEVNSEY	76	MG1655	1051847	1052077	+	NA	ATG	NA		
SPROECO16947	NA	MRSEQISGSSLNPSCRFSSAYSPVTRQRKDMSR	33	MG1655	4452223	4452324	+	NA	ATG	NA		
SPROECO16951	NA	MRTGNAN	7	MG1655	4350229	4350252	+	NA	ATG	NA		
SPROECO16954	NA	MRTISYSEARQNLSATMMKAVEDHAPILITRQNGEACVLMSLEEYNSLEETAYLLRSPANARRLMDSIDSLKSGKGTEKDIIE	83	MG1655	2089462	2089713	-	NA	ATG	NA		
SPROECO16958	NA	MRYDNVKPCPFCGCPSVTVKAISGYYRAKCNGCESRTGYGGSEKEALERWNKRTTGNNNGGVHV	64	MG1655	1413733	1413927	-	NA	ATG	NA		
SPROECO16960	NA	MRYTDSRKLTPETDANHKTASPQPIRRISSQTLLGPDGKLIIDHDGQEYLLRKTQAGKLLLTK	63	MG1655	1787636	1787825	+	NA	ATG	NA		
SPROECO16961	NA	MSAFKLPDTSQSQLISTAELAKIISYKSQTIRKWLCQDKLPEGLPRPKQINGRHYWLRKDVLDFIDTFSVRESL	74	NC_000913.3	294918	295142	-	NA	ATG	NA		
SPROECO16963	NA	MSAGVITGVLLVFLLLGYLVYALINAEAF	29	MG1655	727957	728488	-	NA	ATG	NA		
SPROECO16964	NA	MSAGVITGVLLVFLLLGYLVYALINAEAF	29	MG1655	728732	728821	-	NA	ATG	NA		
SPROECO16966	NA	MSALFLAIPLTIFVLFVLPIWLWLHYSNRSGRSELSQSEQQRLAQLADEAKRMRERIQALESILDAEHPNWRDR	74	MG1655	1368801	1369025	+	NA	ATG	NA		
SPROECO16967	NA	MSAVLLRRLISPSK	14	MG1655	52444	52488	-	NA	ATG	NA		
SPROECO16977	NA	MSEENKENGFNHVKTFTKIIFIFSVLVFNDNEYKITDAAVNLFIQI	46	MG1655	2903579	2903719	<>>	NA	ATG	NA		
SPROECO16979	NA	MSEFDAQRVAERIDIVLDILVAGDYHSAIHNLEILKAELLRQVAESTPDIPKAPWEI	57	NC_000913.3	1344436	1344609	-	NA	ATG	NA		
SPROECO16981	NA	MSEKPLTKTDYLMRLRRCQTIDTLERVIEKNKYELSDNELAVFYSAADHRLAELTMNKLYDKIPSSVWKFIR	72	MG1655	480090	480308	-	NA	ATG	NA		
SPROECO16983	NA	MSERKNSKSRRNYLVKCSCPNCTQESEHSFSRVQKGALLICPHCNKVFQTNLKAVA	56	NC_000913.3	1640805	1640975	+	NA	ATG	NA		
SPROECO16985	NA	MSETITVNCPTCGKTVVWGEISPFRPFCSKRCQLIDLGEWAAEEKRIPSSGDLSESDDWSEEPKQ	65	MG1655	111651	111846	-	NA	ATG	NA		
SPROECO16986	NA	MSETITVNCPTCGKTVVWGEISPFRPFCSKRCQLIDLGEWAAEEKRIPSSGDLSESDDWSEEPKQ	65	NC_000913.3	111649	111846	NA	NA	ATG	NA		
SPROECO16993	NA	MSGKMTGIVKWFNADKGFGFITPDDGSKDVFVHFSAIQNDGYKSLDEGQKVSFTIESGAKGPAAGNVTSL	70	MG1655	3720049	3720261	+	NA	ATG	NA		
SPROECO16998	NA	MSIDRTSPLKPVSTVQPRETTDAPVTNSRAAKTTASTSTSVTLSDAQAKLMQPGSSDINLERVEALKLAIRNGELKMDTGKIADALINEAQQDLQSN	97	MG1655	1129835	1130128	-	NA	ATG	NA		
SPROECO17000	NA	MSIFRIHLDGNKKA	14	NC_000913.3	1961837	1961881	-	NA	ATG	NA		
SPROECO17002	NA	MSIIILATISTTQENK	16	NC_000913.3	4486105	4486155	+	NA	TTG	NA		
SPROECO17004	NA	MSKFSNFIINKPFSVINNAACHIFSRYLLENKHLFYQYFKISNTCIDHLEQLINVNFFSSDRTSFCECNRFP	72	MG1655	3267380	3267598	+	NA	ATG	NA		
SPROECO17009	NA	MSKIKGNVKWFNESKGFGFITPEDGSKDVFVHFSAIQTNGFKTLAEGQRVEFEITNGAKGPSAANVIAL	69	MG1655	657292	657501	+	NA	ATG	NA		
SPROECO17012	NA	MSKNTKSKNNGIRKYNAKTEVKLVYFK	27	NC_000913.3	3050958	3051041	-	NA	ATG	NA		
SPROECO17020	NA	MSLFPVIVVFGLSFPPIFFELLLSLAIFWLVRRVLVPTGIYDFVWHPALFNTALYCCLFYLISRLFV	67	MG1655	3389134	3389337	-	NA	ATG	NA		
SPROECO17022	NA	MSLSTEATAKIVSEFGRDANDTGSTEVQVALLTAQINHLQGHFAEHKKDHHSRRGLLRMVSQRRKLLDYLKRKDVARYTQLIERLGLRR	89	MG1655	3311415	3311684	-	NA	ATG	NA		
SPROECO17025	NA	MSLVLCFLLMSLFFMYSFVLSRLWRKKIAIRLLLYIQDNVTLIVFLNKK	49	NC_000913.3	568695	568844	+	NA	ATG	NA		
SPROECO17030	NA	MSNKMTGLVKWFNADKGFGFISPVDGSKDVFVHFSAIQNDNYRTLFEGQKVTFSIESGAKGPAAANVIITD	71	MG1655	1641339	1641554	-	NA	ATG	NA		
SPROECO17032	NA	MSNKMTGLVKWFNADKGFGFITPDDGSKDVFVHFTAIQSNEFRTLNENQKVEFSIEQGQRGPAAANVVTL	70	MG1655	1051461	1051673	+	NA	ATG	NA		
SPROECO17033	NA	MSNKMTGLVKWFNPEKGFGFITPKDGSKDVFVHFSAIQSNDFKTLTENQEVEFGIENGPKGPAAVHVVAL	70	MG1655	1638455	1638667	-	NA	ATG	NA		
SPROECO17055	NA	MSRTIFCTFLQREAEGQDFQLYPGELGKRIYNEISKEAWAQWQHKQTMLINEKKLNMMNAEHRKLLEQEMVNFLFEGKEVHIEGYTPEDKK	91	MG1655	3104093	3104368	+	NA	ATG	NA		
SPROECO17057	NA	MSRVCQVTGKRPVTGNNRSHALNATKRRFLPNLHSHRFWVESEKRFVTLRVSAKGMRVIDKKGIDTVLAELRARGEKY	78	MG1655	3811438	3811674	-	NA	ATG	NA		
SPROECO17061	NA	MSTDLKFSLVTTIIVLGLIVAVGLTAALH	29	MG1655	1735480	1735569	<<>	NA	ATG	NA		
SPROECO17062	NA	MSTDLKFSLVTTIIVLGLIVAVGLTAALH	29	MG1655	1735482	1735569	-	NA	ATG	NA		
SPROECO17064	NA	MSTIEERVKKIIGEQLGVKQEEVTNNASFVEDLGADSLDTVELVMALEEEFDTEIPDEEAEKITTVQAAIDYINGHQA	78	MG1655	1151615	1151851	+	NA	ATG	NA		
SPROECO17069	NA	MSVSCWEFNAG	11	NC_000913.3	2347350	2347385	-	NA	ATG	NA		
SPROECO17072	NA	MTALLRVISLVVISVVVIIIPPCGAALGRGKA	32	MG1655	3950322	3950420	+	NA	ATG	NA		
SPROECO17077	NA	MTDKIRTLQGRVVSDKMEKSIVVAIERFVKHPIYGKFIKRTTKLHVHDENNECGIGDVVEIRECRPLSKTKSWTLVRVVEKAVL	84	MG1655	3448314	3448568	-	NA	ATG	NA		
SPROECO17079	NA	MTDLFSSPDHTLDALGLRCPEPVMMVRKTVRNMQPGETLLIIADDPATTRDIPGFCTFMEHELVAKETDGLPYRYLIRKGG	81	MG1655	3606776	3607019	-	NA	ATG	NA		
SPROECO17080	NA	MTDLFSSPDHTLDALGLRCPEPVMMVRKTVRNMQPGETLLIIADDPATTRDIPGFCTFMEHELVAKETDGLPYRYLIRKGG	81	MG1655	3608751	3608996	-	NA	ATG	NA		
SPROECO17081	NA	MTDLFSSPDHTLDALGLRCPEPVMMVRKTVRNMQPGETLLIIADDPATTRDIPGFCTFMEHELVAKETDGLPYRYLIRKGG	81	NC_000913.3	3608751	3608996	NA	NA	ATG	NA		
SPROECO17088	NA	MTFAELGMAFWHDLAAPVIAGILASMIVNWLNKRK	35	MG1655	3699980	3700087	-	NA	ATG	NA		
SPROECO17089	NA	MTGIKKITQTFSLRQLTFLKGATAKNVRECNLMKNSVAEH	40	NC_000913.3	1079024	1079146	+	NA	ATG	NA		
SPROECO17090	NA	MTHIVRFIGLLLLNASSLRGRRVSGIQH	28	MG1655	83622	83708	-	NA	ATG	NA		
SPROECO17093	NA	MTIDKNWLNRSNKDPGRSLRFTHQPV	26	NC_000913.3	3884026	3884106	-	NA	ATG	NA		
SPROECO17096	NA	MTIEKHERSTKDLVKAAVSGWLGTALEFMDFKSHAC	36	NC_000913.3	1652728	1652838	+	NA	ATG	NA		
SPROECO17098	NA	MTKHPTGIYVGCLVKVIRRRLRMELKESVINYSPFVLQHP	40	NC_000913.3	1579545	1579667	-	NA	ATG	NA		
SPROECO17104	NA	MTKSELIERLATQQSHIPAKTVEDAVKEMLEHMASTLAQGERIEIRGFGSFSLHYRAPRTGRNPKTGDKVELEGKYVPHFKPGKELRDRANIYG	94	MG1655	963828	964112	+	NA	ATG	NA		
SPROECO17107	NA	MTLAQFAMIFWHDLAAPILAGIITAAIVSWWRNRK	35	MG1655	1269168	1269275	-	NA	ATG	NA		
SPROECO17108	NA	MTLAQFAMIFWHDLAAPILAGIITAAIVSWWRNRK	35	MG1655	1270238	1270345	-	NA	ATG	NA		
SPROECO17110	NA	MTLAQFAMTFWHDLAAPILAGIITAAIVGWWRNRK	35	MG1655	1269703	1269810	-	NA	ATG	NA		
SPROECO17118	NA	MTNHIHFRCPCCHGSQYRTSSFDVSDMNPFGAKCIFCKSMMITFDNISQYLNASRLSLDLKK	62	NC_000913.3	1638256	1638444	NA	NA	ATG	NA		
SPROECO17121	NA	MTPAFASWNEFFAMGGYAFFVWLAVVMTVIPLVVLVVHSVMQHRAILRGVAQQRAREARLRAAQQQEAA	69	MG1655	2295377	2295586	-	NA	ATG	NA		
SPROECO17122	NA	MTPESVMMMGTEAMKVALALAAPLLLVALVTGLIISILQAATQINEMTLSFIPKIIAVFIAIIIAGPWMLNLLLDYVRTLFTNLPYIIG	89	MG1655	2022616	2022885	+	NA	ATG	NA		
SPROECO17133	NA	MTQHLHFRCPCCHGSQYRTSAFDVTERNPLGAKCIFCKSTMITFDNVALQIRTDHAPLDFTK	62	NC_000913.3	1051684	1051872	NA	NA	ATG	NA		
SPROECO17134	NA	MTQRPWSKLQRKTHNIAALKIIARRSE	27	NC_000913.3	408947	409030	+	NA	ATG	NA		
SPROECO17138	NA	MTRVQFKHHHHHHHPD	16	MG1655	2089996	2090046	+	NA	ATG	NA		
SPROECO17141	NA	MTSDYRVSPIKKSRPAMSK	19	NC_000913.3	3838642	3838701	-	NA	ATG	NA		
SPROECO17144	NA	MTTLIYLQIPVPEPIPGDPVPVPDPIPRPQPMPDPPPDEEPIKLSHRERRSARIRAC	57	NC_000913.3	1409308	1409481	-	NA	ATG	NA		
SPROECO17145	NA	MTTSMLNAKLLPTAPSAAVVVVRVVVVVGNAP	32	MG1655	3852890	3852988	-	NA	ATG	NA		
SPROECO17147	NA	MTTSMLNAKLLPTAPSAAVVVVRVVVVVGNAP	32	NC_000913.3	3852890	3852988	-	NA	ATG	NA		
SPROECO17151	NA	MTVKQTVEITNKLGMHARPAMKLFELMQGFDAEVLLRNDEGTEAEANSVIALLMLDSAKGRQIEVEATGPQEEEALAAVIALFNSGFDED	90	MG1655	3347966	3348238	+	NA	ATG	NA		
SPROECO17157	NA	MVDKFNNSDC	10	NC_000913.3	754658	754690	-	NA	GTG	NA		
SPROECO17159	NA	MVGRYRFEFILIILILCALITARFYLS	27	MG1655	1669801	1669884	>>>	NA	ATG	NA		
SPROECO17163	NA	MVKKTIAAIFSVLVLSTVLTACNTTRGVGEDISDGGNAISGAATKAQQ	48	MG1655	4376553	4376699	+	NA	ATG	NA		
SPROECO17164	NA	MVLNVVLAGDFDCVRRP	17	NC_000913.3	3640643	3640696	-	NA	ATG	NA		
SPROECO17165	NA	MVQCVRHFVLPRLKKDAGLPFFFPLITHSQPLNRGAFFCPGVRR	44	MG1655	4472399	4472533	-	NA	ATG	NA		
SPROECO17168	NA	MVQLVDLARCVSF	13	NC_000913.3	1567178	1567219	-	NA	ATG	NA		
SPROECO17172	NA	MVTIRLARHGAKKRPFYQVVVADSRNARNGRFIERVGFFNPIASEKEEGTRLDLDRIAHWVGQGATISDRVAALIKEVNKAA	82	MG1655	2745937	2746185	-	NA	ATG	NA		
SPROECO17183	NA	MWYFAWILGTLLACSFGVITALALEHVESGKAGQEDI	37	MG1655	773418	773529	+	NA	ATG	NA		
SPROECO17184	NA	MWYLLWFVGILLMCSLSTLVLVWLDPRLKS	30	MG1655	1039667	1039757	+	NA	ATG	NA		
SPROECO17187	NA	MYIFITHFFTEYVILKYLLPI	21	MG1655	1944139	1944204	<<>	NA	ATG	NA		
SPROECO17188	NA	MYIFITHFFTEYVILKYLLPI	21	MG1655	1944141	1944204	-	NA	ATG	NA		
SPROECO17192	NA	MYVCLCNGISDKKIRQAVRQFSPHSFQQLKKFIPVGNQCGKCVRAAREVMEDELMQLPEFKESA	64	MG1655	3466797	3466991	-	NA	ATG	NA		
SPROECO17193	NA	NA	28	U00096.3	1295284	1295370	+	NA	ATG	NA		
SPROECO17194	NA	NA	16	U00096.3	1641589	1641539	-	NA	ATT	NA		
SPROECO17195	NA	NA	18	U00096.3	1642488	1642432	-	NA	ATG	NA		
SPROECO17196	NA	NA	14	U00096.3	1961881	1961837	-	NA	ATG	NA		
SPROECO17197	NA	NA	26	U00096.3	2078419	2078499	+	NA	ATG	NA		
SPROECO17198	NA	NA	14	U00096.3	225728	225772	+	NA	ATG	NA		
SPROECO17199	NA	NA	50	U00096.3	2266109	2265957	-	NA	GTG	NA		
SPROECO17200	NA	NA	24	U00096.3	237325	237399	+	NA	GTG	NA		
SPROECO17201	NA	NA	23	U00096.3	2560142	2560071	-	NA	GTG	NA		
SPROECO17202	NA	NA	10	U00096.3	263025	263057	+	NA	ATT	NA		
SPROECO17203	NA	NA	31	U00096.3	290370	290275	-	NA	ATG	NA		
SPROECO17204	NA	NA	41	U00096.3	296087	296212	+	NA	ATG	NA		
SPROECO17205	NA	NA	19	U00096.3	3051023	3051082	+	NA	ATT	NA		
SPROECO17206	NA	NA	16	U00096.3	3111275	3111325	+	NA	CTG	NA		
SPROECO17207	NA	NA	17	U00096.3	3640696	3640643	-	NA	ATG	NA		
SPROECO17208	NA	NA	14	U00096.3	3796949	3796905	-	NA	ATG	NA		
SPROECO17209	NA	NA	24	U00096.3	3797846	3797772	-	NA	ATG	NA		
SPROECO17210	NA	NA	62	U00096.3	3937359	3937171	-	NA	TTG	NA		
SPROECO17211	NA	NA	89	U00096.3	4521482	4521751	+	NA	ATG	NA		
SPROECO17213	NA	VASISIRCPSCSATEGVVRNGKSTAGHQRYLCSPCRKTWQLQFTYTASQPGKHQKIIDMAMNGVGCRASARIMGVGLNTVLRHLKNSGRSR	91	MG1655	4518527	4518802	+	NA	non-ATG	NA		
SPROECO17214	NA	VCDILLNVLNIVFIGIAIILVIIC	24	NC_000913.3	331802	331876	+	NA	non-ATG	NA		
SPROECO17215	NA	VIYITIFMILPCPVPCSHVFLYVFYIFLFLVLFIMTIYQSSQKLHFSNCYHNNQHHNSLHN	61	NC_000913.3	1530319	1530504	+	NA	non-ATG	NA		
SPROECO17216	NA	VKLIWSEESWDDYLYWQETDKRIVKKINELIKDTRRTPFEGKGKPEPLKHNLSGFWSRRITEEHRLVYAVTDDSLLIAACRYHY	84	MG1655	2089211	2089465	-	NA	non-ATG	NA		
SPROECO17217	NA	VKRNDKILHYRGLN	14	NC_000913.3	85467	85511	-	NA	non-ATG	NA		
SPROECO17218	NA	VKYFFMGISFMVIVWAGTFALMI	23	MG1655	2494943	2495014	>><	NA	non-ATG	NA		
SPROECO17219	NA	VNKSQLIDKIAAGADISKAAAGRALDAIIASVTESLKEGDDVALVGFGTFAVKERAARTGRNPQTGKEITIAAAKVPSFRAGKALKDAVN	90	MG1655	461451	461723	+	NA	non-ATG	NA		
